order_no,menu_id,quantity
377,10,4
453,34,1
428,32,4
387,12,1
440,37,2
243,23,3
453,1,3
269,21,5
90,13,3
127,6,2
72,2,4
268,25,2
7,24,2
61,33,3
271,25,1
99,20,2
278,24,5
219,15,5
292,30,4
406,25,3
411,9,3
211,3,1
231,17,4
78,3,5
499,2,2
362,35,2
131,37,2
373,30,3
220,4,5
480,17,4
272,23,4
334,4,2
221,20,4
436,28,5
31,24,2
258,40,3
173,42,3
34,28,4
469,31,1
331,31,3
125,37,5
121,34,3
484,32,3
72,34,5
58,35,1
446,22,2
190,14,4
190,14,2
417,27,3
55,16,5
365,19,1
267,35,2
206,1,3
343,12,1
42,17,4
237,3,3
254,31,4
121,15,3
369,37,2
370,4,3
346,37,4
344,10,3
476,20,3
258,23,2
207,5,1
328,8,1
328,17,2
361,14,5
330,12,3
192,21,4
257,33,1
436,13,5
388,32,2
207,4,3
351,18,3
452,21,2
401,5,4
447,30,4
141,26,1
353,20,4
149,27,5
417,21,4
483,13,4
112,17,4
15,21,3
443,25,4
353,29,5
52,29,5
325,15,3
488,35,3
289,34,5
407,33,2
166,1,2
45,28,4
199,8,1
386,9,2
366,20,1
285,4,1
55,20,2
129,11,3
115,6,2
209,42,1
370,23,5
56,28,4
94,14,1
83,19,5
114,34,4
422,38,4
432,15,5
279,26,1
12,5,2
345,3,4
184,20,5
426,9,3
109,6,4
444,29,3
21,34,2
115,15,2
45,41,2
208,30,4
226,18,5
393,22,5
8,36,3
361,33,1
72,14,3
419,29,2
423,2,1
240,39,4
391,37,4
75,15,2
90,20,3
55,22,2
58,15,4
200,14,3
382,17,1
85,33,5
445,22,1
325,15,3
419,16,3
139,5,5
42,33,3
368,17,5
485,14,2
454,25,5
244,35,1
296,28,5
468,9,2
399,24,1
146,32,2
99,10,4
257,2,1
484,3,3
476,37,3
274,39,4
218,30,3
354,1,4
409,41,4
51,33,1
82,34,1
265,35,5
272,38,5
422,2,4
143,23,5
114,7,5
4,13,5
193,31,2
12,35,1
34,37,2
260,32,2
432,37,2
112,26,1
247,15,4
125,33,4
50,24,2
141,20,4
182,41,3
4,17,3
266,41,3
27,24,4
399,11,1
466,13,4
181,25,1
150,6,2
486,36,4
359,40,5
123,13,4
31,1,1
333,16,5
168,34,5
127,39,2
130,37,5
372,18,3
202,4,4
74,17,5
484,28,1
266,7,2
3,36,1
15,8,1
342,26,2
378,27,1
382,10,2
158,10,2
98,32,2
104,41,5
299,34,2
481,1,1
431,40,2
380,4,5
448,4,4
453,37,1
321,16,1
158,5,1
158,21,3
248,4,3
449,36,2
225,37,4
163,31,3
11,18,1
279,3,4
119,27,4
135,14,1
16,18,1
280,29,1
347,12,5
439,41,4
87,10,4
462,19,2
339,2,5
10,4,1
312,40,1
363,39,2
57,1,4
417,22,2
346,35,4
341,4,4
415,25,2
405,34,2
305,4,1
11,32,1
213,38,1
62,19,4
9,25,5
331,6,1
139,10,1
433,28,2
371,13,2
315,17,1
460,31,4
356,9,1
454,12,3
92,21,2
425,8,4
74,1,2
36,23,4
499,37,1
34,36,3
91,35,3
423,1,2
195,18,1
269,26,5
92,42,5
158,40,3
98,24,2
169,28,2
40,40,5
397,29,4
41,28,5
98,28,1
392,32,3
141,18,2
156,30,5
155,32,5
176,41,3
14,26,2
392,38,1
310,16,5
350,34,2
371,42,1
103,36,1
93,25,2
255,19,2
361,2,3
6,31,4
419,24,2
356,11,1
458,21,4
422,22,4
172,40,3
46,30,4
324,1,5
493,37,5
78,18,1
481,20,2
95,8,4
151,4,1
76,5,5
171,15,1
167,6,4
464,19,3
138,5,4
269,13,5
134,33,3
180,17,1
187,3,4
254,11,3
267,22,1
215,29,1
201,26,2
163,20,4
485,11,2
299,24,2
442,23,5
272,7,4
472,10,4
380,20,3
436,39,2
144,25,4
363,26,4
484,35,4
385,3,5
137,35,5
3,13,3
97,10,2
426,22,3
349,5,4
33,4,4
250,19,4
213,1,4
484,19,4
65,3,1
443,13,1
111,30,3
60,1,5
444,7,3
37,16,4
133,20,2
203,28,5
16,41,2
337,4,2
353,33,5
14,8,1
231,28,1
452,21,4
325,21,5
53,2,2
139,39,2
349,32,1
367,5,4
421,30,5
88,33,4
403,17,3
256,19,5
73,22,1
333,4,4
253,16,4
318,9,3
357,29,3
289,33,2
102,27,2
102,28,3
119,15,5
246,2,2
288,27,5
37,30,4
341,40,3
469,10,1
214,9,5
323,3,3
183,3,2
180,21,5
116,23,4
229,33,2
312,28,4
101,12,5
41,18,4
207,17,4
371,26,4
248,8,4
340,23,4
467,22,4
334,34,1
483,5,2
311,3,3
15,38,5
270,37,3
36,4,5
420,5,4
456,29,2
71,10,3
163,35,5
394,11,4
454,15,5
381,36,5
258,1,3
376,4,2
190,42,3
458,22,5
462,40,1
222,15,3
15,4,2
315,15,5
408,25,1
109,22,3
61,18,5
181,18,5
30,1,2
137,14,5
81,13,3
273,20,4
413,34,2
435,2,5
79,40,2
243,26,2
448,10,3
446,8,5
396,41,1
491,9,3
126,29,2
262,34,5
160,16,5
365,35,4
424,34,4
60,17,2
303,30,5
33,22,5
297,23,3
362,20,3
306,23,3
12,37,1
340,32,5
440,29,5
363,36,5
37,5,1
384,40,4
222,7,5
21,23,2
391,24,2
235,40,2
159,24,1
237,34,1
144,15,2
114,33,5
413,10,2
311,12,1
455,23,5
12,31,4
83,24,4
251,11,5
271,33,3
238,26,3
404,28,3
248,19,4
97,29,5
488,7,1
98,29,2
471,26,1
423,32,1
94,41,5
161,38,4
411,11,5
399,23,3
295,27,2
66,14,2
395,22,4
134,9,5
321,24,1
155,20,2
175,42,3
215,20,3
221,7,3
250,33,5
452,27,1
399,34,2
129,42,5
416,1,1
121,31,3
350,26,2
74,27,5
41,38,5
468,34,3
332,37,2
285,30,1
104,2,4
14,26,5
233,7,3
289,31,4
237,28,3
87,42,3
169,5,5
243,25,5
245,2,5
128,6,2
81,19,2
123,9,1
468,42,3
149,28,1
317,37,1
86,30,2
411,4,5
77,35,1
151,16,2
136,13,4
339,8,4
419,9,3
414,34,2
278,21,1
242,24,3
153,16,1
319,20,3
162,38,4
348,19,2
428,7,4
404,42,5
16,36,3
228,32,2
231,8,3
472,16,5
150,27,1
46,17,3
417,33,2
189,26,1
387,34,2
341,39,3
99,1,2
114,36,4
304,9,5
484,40,2
408,33,5
228,36,4
290,9,2
7,20,1
299,13,2
195,19,4
93,1,5
382,33,2
2,4,4
344,5,5
231,1,5
141,27,2
472,34,4
118,9,1
414,11,2
359,39,3
485,33,1
443,34,4
353,33,3
96,19,5
385,27,4
314,19,4
284,8,3
267,38,3
225,19,5
282,22,1
398,9,3
372,33,2
43,28,2
363,36,4
480,23,3
292,34,5
378,37,3
283,12,4
267,7,5
407,41,3
446,22,1
219,16,3
493,28,3
386,1,1
176,35,5
165,39,3
33,40,1
470,22,5
426,29,5
179,25,5
403,23,1
7,22,3
386,7,1
246,16,2
281,36,3
166,39,3
262,21,5
143,18,2
201,39,4
216,7,2
52,19,3
474,3,5
203,37,3
168,33,1
447,5,4
193,40,2
193,16,2
393,28,1
234,20,2
452,32,4
188,7,3
253,42,3
189,2,2
377,28,5
440,35,3
151,13,3
2,5,3
53,27,1
366,17,3
192,39,3
490,9,1
27,1,1
484,18,4
407,10,4
192,18,2
396,25,3
199,35,2
348,27,2
321,35,1
185,27,4
103,34,2
437,38,3
220,17,5
328,11,5
472,40,4
83,28,1
189,27,2
384,8,4
357,37,4
20,36,4
282,18,2
94,4,1
207,31,1
145,12,4
499,3,3
143,36,5
453,18,3
14,34,2
25,21,5
478,26,1
392,12,1
221,25,5
299,3,2
190,4,1
290,39,1
246,33,1
369,15,1
246,7,3
248,31,4
436,12,1
486,28,3
423,15,2
224,13,3
394,12,1
132,42,3
81,38,5
500,19,4
94,32,3
233,2,1
340,33,2
331,10,2
292,9,5
122,25,1
386,9,4
118,13,3
454,38,1
329,29,5
239,2,1
275,39,4
89,12,3
462,17,3
247,11,5
202,7,4
399,41,5
420,5,5
104,26,3
151,37,1
256,38,5
329,23,2
480,5,5
473,14,5
453,27,5
351,28,3
402,4,2
188,33,4
120,23,5
227,20,2
48,38,5
56,28,1
288,5,2
151,5,5
417,15,3
11,24,4
102,41,3
407,34,4
391,16,2
148,15,4
54,19,2
166,4,1
360,8,5
16,40,5
182,7,3
170,33,2
333,29,5
23,9,3
211,16,1
434,39,2
132,12,5
84,15,5
46,40,2
444,13,3
136,10,4
172,39,4
355,7,1
283,8,2
370,18,5
443,36,4
429,7,4
47,28,5
455,40,2
174,36,5
23,32,1
345,15,3
481,6,2
33,35,3
376,6,3
337,38,1
30,27,2
257,26,4
85,29,5
367,27,2
284,35,2
210,26,1
43,38,5
342,14,2
233,5,1
293,39,1
312,15,5
500,4,1
136,9,2
359,28,1
401,18,4
328,10,1
335,21,4
410,25,2
240,12,3
473,41,1
27,17,2
446,41,5
224,6,5
160,4,3
136,16,3
5,34,2
58,40,3
210,30,5
314,12,3
386,33,4
293,29,2
235,36,3
365,41,4
488,34,4
27,36,1
127,11,2
329,14,3
358,3,3
49,32,5
388,32,4
467,16,5
491,22,3
169,8,1
423,41,2
114,9,4
42,16,5
398,38,3
200,15,5
10,35,4
331,26,1
384,4,2
379,38,2
88,11,2
71,10,2
312,13,1
411,3,2
231,3,1
247,27,2
313,39,2
283,21,3
229,30,2
471,12,3
319,27,3
462,23,5
73,30,4
120,36,4
209,9,5
141,32,4
413,39,3
66,22,3
496,20,3
388,27,1
234,35,2
270,23,4
52,1,5
380,27,1
416,4,5
120,1,5
451,25,4
76,9,1
206,29,4
179,30,2
119,21,2
13,24,2
35,28,5
230,37,1
433,21,4
227,36,4
263,12,5
166,15,1
311,9,5
80,2,1
221,4,2
153,20,3
434,4,3
141,3,3
418,31,4
338,2,5
117,4,2
241,39,1
161,4,3
500,12,3
431,28,3
109,19,5
145,14,1
103,30,2
430,32,3
427,37,5
176,29,1
262,31,3
50,37,1
20,10,3
410,37,2
392,31,4
348,41,2
316,38,3
13,38,3
25,40,2
379,29,4
352,5,5
129,33,4
26,28,2
283,32,1
274,13,4
444,41,3
270,14,2
184,1,1
456,5,5
48,26,4
95,21,2
455,23,5
26,13,1
110,13,4
307,15,3
64,15,5
195,9,5
229,8,2
183,11,4
277,7,1
420,9,4
239,12,4
209,23,4
112,7,1
392,5,5
349,18,4
101,9,3
475,3,2
106,39,1
57,31,2
416,12,4
237,40,3
18,25,5
236,35,3
153,42,1
497,38,4
80,5,4
255,36,5
184,37,4
111,22,1
27,3,3
193,13,5
17,39,5
231,5,4
49,2,5
159,11,3
497,13,5
106,2,4
492,21,1
378,17,5
362,30,1
285,12,5
67,2,5
468,8,5
14,7,2
81,33,2
232,39,5
216,20,3
238,34,3
320,29,4
246,18,4
14,12,2
187,6,1
51,32,4
380,37,1
491,16,5
301,14,5
330,37,4
65,11,4
203,4,3
409,37,3
452,40,1
365,35,5
414,9,1
280,21,1
254,35,4
224,30,4
249,25,2
295,37,2
408,5,2
359,34,1
183,39,4
380,39,2
386,37,5
500,17,4
247,39,5
146,12,2
123,35,4
240,1,1
297,6,2
325,9,3
401,39,5
99,24,3
411,31,3
163,4,3
206,23,5
435,2,2
80,37,3
66,22,4
248,13,4
449,27,1
444,7,2
453,38,2
414,33,4
79,11,4
10,5,2
90,3,2
105,33,2
157,16,4
435,8,1
221,23,4
137,32,2
195,23,4
441,24,2
180,42,4
425,41,1
499,39,3
37,28,2
329,4,4
313,38,2
474,40,3
322,39,2
202,35,4
105,18,2
194,8,1
440,35,1
41,26,1
167,18,1
222,26,1
373,15,3
154,37,3
205,21,1
340,21,5
113,37,2
89,11,1
6,21,3
131,19,4
254,19,4
184,24,5
188,23,2
294,8,1
14,2,2
298,14,3
168,3,2
201,3,2
390,33,2
192,25,2
286,24,2
6,5,1
78,11,2
433,40,3
468,24,3
187,22,2
282,9,1
38,25,2
137,30,5
132,32,4
173,38,3
220,42,2
352,38,1
480,29,3
237,22,5
267,40,3
418,17,4
134,39,5
272,5,5
366,22,4
212,37,3
325,27,5
28,32,5
154,18,2
432,35,4
281,36,3
45,42,4
403,21,3
42,42,3
78,4,4
374,10,1
109,21,1
471,10,1
267,33,3
216,20,3
496,18,2
90,9,2
350,37,5
249,37,2
386,32,3
457,39,4
203,42,3
150,32,4
297,40,3
372,35,4
489,23,2
340,29,5
187,31,5
87,14,3
72,41,1
54,42,1
185,30,3
17,37,5
133,26,1
3,33,2
154,3,4
138,29,3
484,33,3
410,10,1
11,26,5
332,7,2
492,35,1
394,1,5
290,33,3
500,22,3
208,24,5
491,10,3
181,5,5
170,30,3
454,20,4
96,20,2
347,4,4
175,6,5
494,5,4
349,4,1
196,30,3
4,1,3
368,9,5
134,21,4
346,42,3
395,9,4
66,15,3
278,30,1
322,37,3
168,32,4
97,30,1
400,6,5
470,6,2
479,11,4
168,30,2
275,2,2
319,33,3
330,32,1
51,2,4
413,6,3
119,42,2
279,11,1
203,2,1
59,29,1
312,24,5
203,20,5
312,32,2
440,2,2
324,19,3
433,38,3
103,23,1
130,38,4
204,33,5
251,17,4
400,5,2
303,34,2
52,11,2
465,31,2
355,33,2
8,34,4
106,27,1
37,31,3
60,4,2
312,14,4
443,28,2
181,41,5
2,23,3
383,29,4
412,10,3
118,5,2
14,15,4
297,30,3
8,39,5
312,5,2
308,38,1
231,26,2
19,8,2
53,1,1
500,35,2
374,32,2
352,17,1
229,41,3
491,33,5
453,18,4
408,4,3
250,37,3
311,4,1
453,8,1
141,32,5
106,13,3
391,8,5
475,4,5
27,22,2
439,40,4
382,31,5
330,34,4
164,31,2
269,3,3
490,13,2
235,23,4
26,18,1
333,9,4
457,21,2
53,22,4
450,27,4
77,31,4
106,13,3
93,15,5
112,9,3
180,8,1
43,8,2
120,20,3
483,33,3
40,31,2
468,5,4
200,13,3
223,7,3
199,39,5
497,25,4
397,25,5
7,21,3
454,6,5
57,13,2
57,5,2
221,18,4
370,5,3
260,23,4
477,40,1
436,6,2
460,7,5
345,41,2
101,42,5
398,14,3
491,18,5
27,3,1
134,18,3
9,41,1
421,5,1
267,30,2
376,41,1
462,42,5
32,12,4
475,3,1
419,39,3
333,38,4
434,15,1
125,41,2
130,15,2
244,23,3
154,5,4
109,22,2
123,6,2
313,13,5
202,6,2
409,4,4
335,41,3
28,29,5
349,12,2
180,32,4
254,13,4
414,41,4
432,36,1
444,2,5
158,14,3
303,7,3
433,22,1
85,41,2
464,38,4
25,16,1
157,6,4
216,34,4
243,11,4
448,8,2
491,6,1
144,16,5
469,27,4
217,1,4
98,10,2
359,10,2
412,19,4
159,14,4
378,33,5
269,41,5
43,27,4
194,35,2
162,14,3
51,11,1
409,22,1
311,28,5
155,14,2
447,9,3
423,25,3
41,35,5
473,17,1
227,31,1
468,31,1
360,39,1
264,42,3
295,3,4
390,16,2
133,27,2
375,9,1
295,36,3
402,23,5
310,5,5
5,38,2
192,38,1
219,33,1
489,15,1
228,4,2
185,18,5
8,14,3
138,16,3
203,42,2
126,1,1
77,30,2
80,24,3
439,27,2
202,19,3
420,39,3
200,11,1
91,34,4
436,38,3
154,31,5
231,6,1
112,34,1
416,11,5
179,2,1
441,31,2
373,38,5
68,28,5
353,10,1
203,26,4
413,24,3
227,1,5
279,18,2
41,16,5
316,13,4
157,8,3
167,33,2
500,27,5
439,13,4
493,18,2
136,18,3
288,30,5
362,35,4
373,6,1
168,4,2
329,27,1
444,40,2
92,32,3
152,23,1
495,27,4
285,11,3
377,39,1
349,21,2
449,14,4
447,15,5
72,34,3
199,33,2
118,21,4
425,26,4
88,20,4
213,15,5
390,18,5
392,16,5
444,37,3
83,23,1
345,1,3
441,32,5
377,40,3
300,40,1
330,29,2
317,40,4
139,11,4
135,38,1
428,5,2
291,41,4
73,38,1
273,13,4
228,1,4
307,2,2
181,16,4
451,17,5
169,30,3
301,8,2
119,24,4
257,1,3
263,33,5
156,35,4
369,9,1
101,40,3
463,8,3
121,42,1
430,29,2
317,17,4
204,7,2
197,18,4
101,37,4
499,12,1
385,27,1
99,37,2
398,22,5
274,13,3
356,17,2
329,30,5
203,14,1
83,14,5
438,26,4
100,37,2
399,14,2
118,28,4
165,23,3
255,2,3
434,13,2
324,18,5
382,26,2
165,40,1
241,26,4
208,38,2
176,26,2
186,16,5
302,31,3
475,7,1
49,21,3
141,6,5
45,8,4
284,38,1
185,7,3
272,35,4
147,39,2
445,11,1
13,13,3
403,26,2
221,10,5
313,17,3
18,16,3
158,1,4
133,8,3
149,1,5
351,19,3
143,19,4
345,13,1
373,21,5
45,12,5
66,36,5
244,8,5
170,2,5
437,12,1
150,4,5
371,14,3
487,35,4
361,37,4
283,11,2
130,8,5
6,36,2
119,20,2
369,28,3
78,10,5
180,41,2
267,1,5
337,7,1
457,18,5
113,30,4
116,23,2
477,8,3
210,29,4
212,16,2
489,14,5
357,42,2
202,15,4
417,3,1
323,23,3
162,34,5
311,10,4
39,25,2
305,7,2
162,26,5
272,15,4
301,22,1
172,13,5
79,24,3
110,18,1
37,28,1
353,39,2
402,30,2
496,18,3
237,2,5
383,14,4
351,10,2
358,4,5
305,5,1
402,29,3
461,29,4
392,18,1
13,34,5
275,10,5
314,13,5
132,18,4
331,9,2
247,1,1
214,7,5
141,26,4
308,2,3
207,36,3
497,20,1
317,13,5
266,14,2
446,38,3
217,23,3
486,21,2
91,28,1
227,13,2
217,10,1
92,25,4
247,24,2
202,13,3
386,34,4
58,17,1
118,39,2
468,2,1
66,23,5
342,3,4
139,22,3
101,31,1
60,20,1
146,2,4
359,38,5
411,7,1
18,8,5
127,38,2
68,14,2
438,38,4
386,22,2
21,24,2
408,38,1
250,23,1
299,34,4
80,30,5
200,22,4
450,12,5
471,2,4
14,39,2
363,19,2
307,17,4
404,37,4
60,6,4
196,15,5
174,14,2
245,30,4
209,32,5
75,18,2
299,36,3
125,27,1
344,2,1
49,36,2
340,26,5
167,36,1
226,11,4
313,33,2
368,3,3
253,15,2
235,25,3
151,31,4
224,21,5
205,21,4
337,17,1
396,16,1
467,41,5
210,1,1
492,17,4
319,6,1
341,5,1
326,28,2
398,7,1
406,26,4
407,7,5
116,7,4
264,12,5
440,18,2
125,20,2
23,35,4
208,4,5
205,29,3
245,17,5
29,36,2
334,21,2
216,27,2
307,7,3
397,33,4
460,29,4
237,10,1
300,19,1
58,12,1
411,9,3
488,28,5
257,29,2
196,30,3
284,28,5
190,42,2
206,9,2
278,22,2
16,23,5
296,12,1
425,4,2
134,3,3
256,10,2
350,37,5
165,11,5
8,11,4
298,33,2
363,16,3
10,6,1
130,26,2
96,18,3
207,38,4
421,29,3
129,14,1
208,16,5
103,9,2
240,4,3
278,40,4
497,33,2
51,39,1
360,17,3
159,32,1
233,6,4
372,7,4
388,34,5
103,24,1
87,39,2
361,30,1
466,30,2
436,34,2
242,24,3
493,34,3
475,1,5
306,2,1
342,41,5
154,42,1
197,5,3
303,27,3
36,3,2
186,20,1
482,17,5
89,25,5
36,31,1
326,10,2
83,10,3
470,1,4
118,18,1
79,27,1
25,39,4
447,23,3
355,26,4
43,2,2
479,40,1
309,42,3
438,29,1
333,14,1
147,31,2
232,36,4
196,23,1
332,8,1
23,11,4
184,5,5
488,14,3
127,26,5
411,42,3
254,3,5
406,21,5
245,15,2
448,30,4
296,35,1
338,37,3
358,23,1
187,32,5
313,13,1
384,5,1
136,6,1
175,37,2
271,27,3
333,7,4
311,4,5
184,37,1
295,6,4
341,40,5
187,30,4
377,33,3
446,1,4
398,6,5
73,27,5
400,35,2
65,29,4
288,42,5
325,15,2
143,36,3
436,38,1
209,5,4
81,2,2
453,32,3
472,21,4
259,3,4
483,34,5
318,31,2
476,20,3
4,8,5
142,19,2
174,11,1
271,32,2
438,37,1
457,27,1
56,28,3
119,7,4
215,19,3
473,15,5
243,38,2
131,18,2
39,27,2
447,26,3
53,40,5
350,33,5
244,40,4
404,14,5
46,26,1
197,4,2
124,1,3
445,14,5
489,2,1
254,4,3
101,37,4
367,32,5
269,40,5
78,15,4
42,37,4
38,33,1
232,28,5
214,41,2
242,25,1
231,19,2
271,40,5
286,9,2
56,16,4
297,30,2
270,37,2
401,22,2
45,3,4
485,23,1
114,34,2
199,6,5
346,8,5
132,5,2
300,8,2
174,35,2
339,12,5
248,38,1
186,41,1
491,13,1
118,7,1
371,23,5
51,16,5
72,3,3
290,10,2
190,7,1
9,20,4
419,37,3
452,3,1
176,9,1
482,6,5
121,16,3
236,10,4
487,31,3
430,13,3
331,21,4
183,37,3
249,34,5
63,42,3
197,16,4
57,3,5
176,35,3
403,4,1
404,6,4
311,19,3
463,27,2
160,35,4
283,17,1
418,12,3
471,17,4
138,13,4
428,7,1
25,3,2
210,32,1
457,12,3
121,10,2
36,23,2
234,42,3
410,4,5
350,23,1
216,18,4
440,30,3
498,27,2
499,29,3
266,2,1
453,32,5
303,37,5
491,14,4
112,34,4
24,25,1
71,35,5
374,17,2
263,22,3
323,13,1
124,23,1
351,42,2
285,14,3
37,2,5
435,16,1
209,22,1
439,38,3
348,25,1
324,32,1
454,25,4
151,7,1
40,42,4
287,41,3
58,40,2
328,29,4
496,8,5
408,11,1
426,21,1
427,34,3
359,8,3
172,14,1
26,26,3
265,36,4
70,39,2
319,33,1
482,33,5
85,15,5
14,37,2
205,29,1
136,39,3
245,11,5
386,27,3
139,10,2
48,26,3
444,18,5
254,26,5
107,24,2
332,42,4
140,40,4
99,25,1
399,35,1
319,11,5
245,37,2
424,33,3
362,18,2
304,9,3
278,37,1
58,37,3
312,23,1
207,2,5
12,9,3
407,36,4
22,34,5
44,25,2
126,5,1
450,22,1
102,5,2
158,35,2
226,29,2
260,30,2
175,1,1
28,8,5
482,42,4
203,21,4
36,15,1
155,13,5
412,3,4
14,3,3
416,36,1
59,16,3
357,38,1
126,19,1
46,42,2
305,17,5
206,38,2
492,11,1
469,40,2
340,36,1
120,35,1
138,15,2
422,21,1
153,5,3
291,34,5
112,21,4
219,22,4
458,35,2
106,11,4
253,7,1
134,10,4
89,23,4
316,20,5
100,12,5
21,9,2
64,15,4
471,20,5
173,30,4
287,11,1
273,24,2
462,24,3
306,41,3
461,16,1
2,27,3
17,40,5
45,42,2
36,2,1
432,24,1
297,8,4
54,39,2
120,32,3
490,36,5
281,1,3
132,6,3
90,1,1
221,1,4
137,16,1
82,25,3
231,18,4
214,30,4
15,32,3
442,16,3
388,18,4
313,5,4
21,19,3
390,3,2
9,31,5
125,26,5
312,1,3
249,18,4
56,42,1
218,21,5
85,29,4
435,30,5
168,33,2
335,39,3
260,9,1
435,27,1
453,24,2
45,34,5
389,1,4
497,27,3
108,4,3
395,13,3
376,24,1
463,38,2
497,24,4
29,16,3
363,12,2
276,9,4
393,24,1
158,15,1
16,14,4
32,15,3
81,25,2
85,5,2
151,5,5
389,42,5
372,39,2
391,36,5
439,41,5
210,28,1
79,11,5
166,20,2
134,41,1
4,10,4
279,35,5
204,9,1
236,7,4
414,10,3
432,26,5
210,13,5
96,35,4
292,31,1
46,21,2
106,16,1
127,3,2
234,35,2
130,41,3
275,15,3
281,38,5
334,15,3
308,40,2
130,33,2
2,15,3
432,21,5
319,31,4
278,11,2
11,32,2
272,6,3
45,10,3
137,34,5
29,19,2
245,10,4
62,20,5
323,35,3
222,23,3
162,34,1
233,2,5
408,27,5
124,5,3
79,2,1
277,31,4
310,9,2
173,3,5
458,23,5
482,2,4
165,13,2
445,6,5
499,13,3
465,39,4
464,13,5
224,10,1
151,2,4
500,10,5
111,22,2
155,3,4
77,17,4
198,1,4
447,30,5
46,15,5
366,2,4
137,42,2
317,13,5
225,11,2
149,38,2
97,42,1
479,16,1
228,17,4
28,7,5
402,31,3
263,1,5
194,40,2
371,3,4
108,30,2
54,30,1
92,27,2
175,8,2
140,22,3
498,41,4
486,36,4
431,39,3
492,35,3
465,3,1
40,13,1
55,31,1
439,23,3
221,30,1
484,11,3
486,37,4
494,5,3
382,2,4
4,10,2
50,41,1
465,32,3
360,13,1
383,17,5
66,33,5
383,26,1
277,2,4
340,26,4
122,37,2
160,4,2
432,17,5
116,29,2
280,36,5
347,15,2
297,3,1
131,16,1
442,7,1
7,17,4
491,13,2
424,39,2
250,35,1
192,33,4
101,18,3
261,13,2
310,31,4
58,15,4
5,20,2
395,5,4
435,30,3
448,27,4
90,15,4
132,30,3
329,5,1
230,40,4
146,16,3
316,38,2
132,19,2
96,2,3
121,12,4
161,25,1
293,39,3
464,27,1
276,35,1
408,25,5
402,9,1
48,41,3
264,6,2
101,41,1
494,26,1
36,14,4
191,8,1
280,24,1
420,8,3
289,29,3
331,13,4
136,32,4
257,31,2
283,21,1
335,20,2
199,36,2
230,33,1
74,37,1
106,19,4
463,30,2
157,19,5
400,33,5
438,25,4
497,42,2
381,35,5
114,25,5
374,8,2
468,35,5
56,40,5
28,22,4
427,36,5
121,17,3
64,2,3
49,41,1
238,31,2
495,27,4
217,30,1
79,7,2
376,28,3
307,26,2
377,34,1
370,28,2
33,7,3
317,11,2
183,14,3
207,36,2
450,10,1
250,3,3
124,27,5
374,24,1
235,27,1
88,27,5
59,28,3
128,9,2
297,17,4
485,27,1
247,2,4
232,42,4
207,3,4
27,41,2
141,26,5
197,14,3
423,6,1
457,9,4
4,34,3
384,27,5
132,38,3
415,29,1
276,22,4
340,1,4
431,19,2
213,5,1
31,31,5
279,25,4
188,14,3
286,15,4
248,37,5
222,24,5
328,31,4
155,22,3
292,18,5
130,1,2
323,23,1
486,3,1
357,40,3
462,33,4
92,36,1
93,42,5
214,7,1
208,8,1
37,5,5
145,21,2
287,37,1
483,39,2
394,1,1
18,15,4
402,22,1
466,24,1
27,39,1
39,16,1
9,14,4
79,34,2
338,29,5
350,35,5
252,29,1
248,25,5
380,38,3
495,19,1
237,37,3
443,42,5
312,12,3
37,42,5
139,8,1
360,9,3
197,41,1
235,11,4
333,3,4
51,19,4
246,7,4
397,22,2
232,28,2
256,24,4
195,19,5
263,19,3
423,21,2
55,33,2
442,13,4
147,2,5
135,41,1
472,26,5
160,19,3
495,35,5
380,27,3
123,31,4
12,14,1
91,24,4
349,26,3
60,26,1
157,28,4
177,12,1
434,18,4
243,2,1
188,41,5
291,5,2
22,11,2
229,23,4
384,28,3
109,40,2
216,11,4
215,42,5
96,38,4
53,18,2
19,16,4
330,1,5
360,2,4
83,37,5
349,2,2
125,3,1
127,10,2
305,32,5
58,13,5
381,23,3
47,21,4
120,40,2
202,8,5
423,23,1
196,40,1
199,5,3
311,7,3
159,28,2
467,26,3
484,31,2
444,39,1
335,42,2
254,8,2
433,21,1
154,37,5
34,30,5
356,23,5
271,41,4
114,29,2
477,21,1
360,17,2
143,31,1
365,38,1
122,33,5
394,35,5
93,31,2
371,29,3
375,7,2
100,1,1
76,8,5
15,12,4
250,11,5
400,23,2
29,27,2
427,25,3
176,8,1
407,27,4
336,35,4
478,15,2
346,23,1
16,22,5
452,18,3
492,28,3
434,4,2
230,26,3
210,6,1
38,25,5
408,35,2
361,14,4
401,23,4
498,31,2
426,9,2
220,11,1
235,26,4
265,8,1
231,17,3
143,5,3
379,12,5
117,27,1
478,20,1
479,11,3
312,26,5
272,40,2
319,25,2
339,38,2
105,4,5
403,42,1
117,26,3
184,30,5
279,34,3
67,15,1
88,10,2
24,14,3
311,29,1
183,29,3
295,23,2
174,37,1
265,15,2
298,10,5
497,1,4
111,31,3
278,27,4
325,15,1
351,10,3
363,40,1
369,6,2
272,40,5
118,17,5
209,11,3
9,37,3
364,34,3
492,42,2
153,15,2
65,22,3
89,32,2
409,40,2
459,19,4
185,3,5
269,38,3
155,32,5
189,27,1
409,20,5
67,36,3
169,14,3
446,38,5
147,31,1
114,34,5
351,22,5
274,5,5
456,38,5
271,1,2
455,16,2
44,19,3
30,20,5
90,8,5
233,25,4
421,2,5
422,21,3
471,42,1
362,26,5
393,38,3
182,6,4
137,14,3
187,6,3
400,11,2
99,19,5
465,14,4
224,11,3
418,3,4
135,3,1
384,18,1
372,5,2
236,27,4
428,1,5
29,13,3
47,22,5
301,37,5
229,37,4
301,31,1
104,18,2
226,18,5
320,33,4
436,23,4
156,42,5
257,24,1
204,30,5
75,3,1
336,42,1
128,39,3
206,23,3
185,2,2
421,4,1
119,35,3
345,19,2
476,33,5
276,1,4
296,33,1
202,6,4
192,21,4
162,3,3
9,20,4
80,20,3
328,35,3
51,25,4
373,11,5
459,42,2
263,42,1
366,13,5
245,20,5
418,4,5
123,10,2
147,26,2
355,23,2
209,26,4
57,36,3
159,35,4
318,37,1
299,17,3
34,42,4
314,40,4
272,24,5
408,27,4
453,35,5
327,36,5
43,18,5
89,1,1
71,37,3
41,23,4
197,20,1
117,26,5
163,21,4
442,3,4
456,16,2
61,41,3
131,5,2
477,30,4
371,5,1
80,42,4
371,20,1
348,27,5
75,23,4
152,8,4
184,16,2
220,30,2
485,4,5
391,17,2
496,2,3
466,16,4
480,9,4
114,19,2
117,18,2
311,31,1
464,32,4
216,26,2
238,29,1
32,12,2
434,7,4
36,23,4
488,24,1
58,4,3
366,23,4
489,33,1
323,13,4
492,11,3
8,2,1
383,24,1
182,38,3
444,22,5
227,3,2
167,22,5
491,21,4
393,8,2
146,25,1
434,38,3
271,40,2
498,37,4
148,8,5
142,19,4
491,16,1
204,24,1
169,39,3
332,41,2
485,21,1
107,10,4
168,39,2
344,5,1
103,4,2
107,4,3
329,7,4
20,40,5
301,10,2
227,37,5
109,20,5
104,41,2
89,21,4
149,10,5
489,31,4
339,11,1
325,27,2
262,32,1
393,35,5
429,17,2
180,1,2
434,22,4
43,37,5
376,3,5
240,12,5
11,42,1
238,32,2
383,15,5
488,33,4
146,39,2
24,36,3
438,24,4
472,38,4
53,27,3
1,23,4
375,36,4
133,14,2
138,4,1
100,30,2
205,23,3
451,4,5
259,23,2
181,37,4
185,28,3
65,42,3
347,32,1
13,7,1
38,3,5
428,40,5
169,4,3
326,22,2
244,25,5
440,15,2
335,1,5
37,11,4
125,6,5
339,12,5
4,25,5
170,35,1
229,6,2
199,37,4
492,40,1
400,16,5
129,4,1
103,18,2
233,8,3
494,17,2
376,40,1
274,29,1
90,15,3
16,22,3
23,21,2
107,22,5
380,18,1
437,35,2
157,5,5
197,15,2
240,42,2
402,35,2
140,11,2
456,39,5
455,22,2
496,21,5
462,42,1
330,32,1
39,14,5
485,7,5
354,3,2
400,4,1
448,3,4
310,39,1
331,37,3
488,3,3
62,13,4
408,18,2
65,7,2
18,41,1
107,29,4
119,8,1
399,5,3
213,25,1
358,13,5
166,13,4
280,37,1
286,29,2
210,28,5
372,40,1
49,5,5
370,1,3
2,18,1
400,11,1
409,14,5
320,15,4
361,7,1
489,25,4
88,30,2
329,25,2
21,22,4
152,35,4
44,11,1
249,33,2
358,34,2
249,40,1
153,16,4
174,1,2
106,24,1
99,10,5
24,13,1
182,35,5
47,35,3
178,22,5
155,23,2
151,21,5
84,27,5
216,16,5
488,9,2
500,8,2
160,37,2
444,16,3
314,3,3
154,28,2
484,6,5
204,19,4
108,22,1
437,42,4
110,1,5
468,5,4
476,8,1
407,40,2
158,22,4
200,2,4
288,14,2
405,28,1
102,14,4
346,9,5
426,24,5
8,30,3
323,40,3
233,35,2
362,16,2
67,14,2
110,15,5
377,20,5
253,31,4
28,35,5
487,5,4
211,28,2
421,37,5
40,3,3
276,23,3
492,36,2
13,40,1
440,10,2
400,19,4
140,14,4
379,23,2
113,28,4
473,12,2
54,32,1
74,8,5
67,38,4
420,26,2
282,30,5
286,39,5
449,37,2
444,33,3
45,6,5
267,22,1
479,41,4
298,21,3
206,3,3
315,30,2
110,37,2
381,30,4
210,16,4
186,24,4
44,8,5
308,30,4
472,13,1
430,20,4
221,17,3
476,7,5
447,26,1
83,29,5
330,24,1
487,28,4
487,18,1
399,6,4
363,11,1
378,37,5
288,9,3
365,7,2
297,41,1
425,8,1
27,10,4
156,38,4
354,26,4
221,26,3
163,22,4
263,19,5
176,18,2
61,15,2
134,20,3
362,34,4
467,28,3
133,22,1
61,11,2
173,42,4
295,37,5
418,37,4
122,29,5
151,27,5
7,32,1
48,31,5
488,34,1
246,13,1
247,2,3
409,24,1
368,16,2
361,41,5
52,37,5
488,1,4
188,40,5
266,4,4
19,16,2
175,26,5
199,41,1
371,9,1
500,9,1
282,29,3
447,32,5
281,22,2
64,37,1
426,25,4
357,19,3
359,20,3
103,12,4
408,29,5
372,18,1
61,16,1
416,39,5
94,27,1
233,32,5
456,6,5
45,11,2
112,25,1
405,4,4
476,32,1
329,11,4
161,17,1
400,19,3
4,26,5
232,41,2
498,33,4
292,41,1
433,8,4
135,32,1
337,29,4
446,27,3
36,28,2
161,9,4
392,9,5
327,21,3
367,12,4
74,13,4
210,26,2
52,30,1
126,20,4
71,21,4
341,6,2
175,3,3
267,40,4
203,37,1
210,30,5
259,23,5
253,6,4
221,32,5
168,18,3
121,1,3
241,15,2
311,35,2
316,31,2
321,1,2
344,33,4
50,24,4
60,4,3
168,5,2
272,11,4
13,37,2
96,41,1
434,20,4
205,37,4
331,26,4
9,38,2
105,28,5
489,14,1
68,22,2
412,15,4
357,2,1
180,30,4
419,27,1
92,40,1
385,12,3
96,28,1
92,41,5
445,36,5
159,23,5
288,15,1
458,1,3
37,42,3
288,18,3
371,31,4
486,19,3
462,26,4
250,36,4
275,9,4
461,20,4
446,42,4
143,16,2
103,3,2
309,12,5
394,36,1
385,27,5
68,23,3
278,11,2
475,18,4
41,6,3
441,29,4
234,1,2
111,14,1
224,42,4
19,19,2
438,6,5
485,21,4
63,39,5
375,28,5
208,30,4
247,37,2
440,3,4
227,35,2
372,21,3
384,19,1
483,42,4
406,19,5
273,7,5
432,40,3
198,5,2
215,32,3
94,32,4
95,27,2
481,29,4
53,26,3
359,2,2
418,25,3
155,28,2
369,42,2
45,11,2
134,26,3
394,36,4
462,24,5
125,34,4
440,36,3
480,16,1
277,23,3
211,17,3
385,17,2
419,27,1
6,24,1
217,24,5
229,39,4
463,37,3
72,38,3
322,21,4
105,22,5
1,12,2
445,12,4
4,39,3
3,6,4
232,9,5
485,38,2
26,1,5
409,10,1
418,25,3
21,24,3
211,40,1
342,10,4
5,33,5
80,36,5
488,33,3
112,18,5
148,18,1
217,3,4
395,19,4
214,32,5
258,20,1
494,16,4
411,24,1
152,16,1
293,36,4
345,16,1
471,2,2
146,8,3
192,9,3
348,26,3
23,31,3
29,29,4
1,5,2
225,26,2
28,37,1
496,41,2
75,19,1
65,1,5
155,37,5
313,4,4
146,28,5
158,10,3
387,31,3
468,4,3
16,6,2
205,17,4
93,12,5
297,26,2
443,10,2
57,35,4
185,39,1
427,15,3
435,21,1
247,40,4
303,37,2
406,3,1
416,23,3
46,14,1
67,7,1
389,29,1
297,23,4
489,10,1
380,30,1
25,12,5
198,3,2
451,30,3
259,19,2
372,17,4
413,36,1
158,20,3
180,20,4
47,27,2
221,14,5
481,32,2
308,37,4
195,36,3
224,39,3
284,25,3
327,18,1
430,11,1
95,14,5
308,28,3
495,26,2
5,12,3
65,27,1
249,30,1
225,30,3
433,42,1
302,27,5
12,36,3
277,33,1
41,5,1
191,17,1
247,13,3
238,27,1
319,27,3
362,38,4
68,29,1
179,23,5
187,16,1
437,35,2
281,41,2
239,22,5
313,5,2
390,1,2
450,26,5
221,22,2
178,20,1
6,3,3
170,1,3
107,15,5
47,27,1
419,11,2
41,17,1
72,37,3
243,22,3
128,5,3
64,20,1
420,15,2
470,15,4
206,15,5
26,19,1
446,5,5
234,31,4
368,21,1
105,10,5
371,3,5
144,17,4
353,25,2
240,16,2
449,15,3
439,19,3
467,3,1
275,14,3
224,12,5
268,14,2
280,12,3
295,2,1
20,24,1
476,4,1
307,15,1
196,19,4
25,37,2
25,37,2
73,16,4
189,24,2
457,7,4
279,29,4
491,15,2
499,8,4
372,11,4
112,22,2
463,29,4
337,1,5
80,19,5
398,42,3
422,29,1
241,40,4
233,21,5
233,2,1
410,3,2
206,37,3
75,21,5
344,39,4
172,22,5
231,21,4
181,27,2
175,20,3
112,27,4
227,9,2
391,18,3
51,12,2
490,3,4
212,31,3
275,11,3
100,27,2
208,28,4
315,34,1
17,32,4
256,13,5
382,19,1
383,9,3
210,30,4
172,17,3
445,37,5
273,14,4
367,12,2
162,23,3
106,10,2
100,22,4
310,29,4
140,1,5
92,38,5
196,40,5
4,20,5
138,10,2
387,14,1
283,37,1
105,41,5
367,1,1
98,29,1
259,25,4
386,6,1
446,37,3
446,36,4
484,4,2
169,33,5
440,39,5
147,2,4
98,11,4
98,5,4
122,12,3
56,25,5
204,6,4
446,7,5
91,10,4
151,19,2
484,39,3
426,34,4
334,16,4
392,41,4
135,3,4
57,38,3
387,5,2
289,6,5
420,2,4
75,28,2
15,3,1
271,38,2
378,4,1
431,40,2
205,15,5
411,16,1
239,9,2
480,35,5
420,21,4
147,35,4
54,36,1
265,8,4
384,9,2
278,17,1
409,28,5
180,27,5
314,1,4
204,23,1
459,35,3
421,9,4
277,10,2
99,17,4
487,35,1
444,27,1
266,40,1
63,32,1
113,38,5
456,36,5
127,2,3
31,42,4
492,23,4
337,42,5
122,28,1
267,35,4
167,7,3
182,19,3
141,38,4
28,35,3
148,7,3
414,7,5
407,7,4
457,11,3
230,31,3
361,2,4
43,32,2
76,24,2
131,32,3
123,31,2
154,16,4
285,2,1
439,14,1
292,29,4
380,14,5
462,21,5
266,40,5
112,34,1
265,42,4
15,21,2
334,22,5
439,2,2
386,28,1
149,7,5
88,10,4
330,38,5
399,27,3
77,19,2
99,22,5
467,30,2
104,24,2
148,28,4
357,29,1
243,23,4
406,27,2
91,14,3
100,42,1
254,25,1
3,34,5
102,21,3
221,32,2
20,12,4
75,22,1
475,14,3
416,3,5
66,41,1
437,24,2
352,33,5
32,17,5
484,23,2
278,7,4
345,14,5
365,35,3
11,39,3
496,30,4
292,42,1
335,3,2
328,12,5
217,32,3
379,25,5
395,9,5
136,17,1
29,16,3
265,4,4
448,7,2
195,4,5
479,32,4
368,7,2
392,29,5
385,27,1
111,22,2
28,31,3
155,27,2
340,27,4
299,24,5
198,32,3
229,20,1
301,24,1
43,16,2
307,15,1
73,34,5
391,32,3
271,12,2
188,5,1
338,23,3
144,36,1
26,28,2
135,24,2
407,7,2
431,14,3
353,32,2
155,22,5
108,34,4
331,31,4
487,17,4
264,2,4
372,30,5
482,27,1
394,39,4
121,28,1
105,25,5
367,18,2
391,6,5
415,24,1
476,33,1
291,17,1
351,22,2
478,23,2
175,14,4
305,12,3
125,31,1
284,24,1
257,12,5
30,3,4
161,17,5
384,10,1
229,17,5
118,14,3
124,14,3
72,35,4
473,18,1
251,1,4
73,25,5
99,33,4
375,19,2
141,26,3
464,19,2
313,6,2
426,31,2
62,2,4
239,37,3
476,22,2
205,13,4
155,9,2
46,39,2
108,39,5
234,4,5
190,33,4
322,18,2
115,29,4
472,10,1
273,29,5
451,19,4
204,38,5
176,36,4
302,6,3
290,21,1
266,10,2
219,23,1
369,1,2
89,31,4
97,37,2
115,11,4
290,40,1
499,5,2
229,27,5
145,24,4
334,18,5
108,19,2
178,21,1
133,29,4
279,36,4
222,37,2
322,31,4
53,37,4
205,28,5
223,21,2
272,7,1
444,4,2
204,7,4
117,8,3
176,3,5
13,3,4
80,3,1
381,22,2
156,22,3
480,23,4
451,36,4
272,39,3
212,37,2
213,17,5
418,34,2
411,25,1
35,29,4
246,42,1
116,5,5
188,15,1
140,14,1
19,39,5
461,4,1
60,17,3
190,32,4
439,23,2
277,3,3
111,5,1
287,2,4
32,1,1
41,32,3
400,27,2
3,34,1
216,26,3
89,6,2
100,12,2
132,6,2
14,23,5
165,26,2
374,18,3
12,18,5
360,37,4
291,39,4
278,28,2
75,41,5
297,6,4
67,13,1
383,4,1
274,8,5
441,28,1
384,39,5
228,23,1
128,8,4
278,13,3
479,9,4
378,41,2
472,23,1
263,14,5
277,12,4
281,7,2
439,3,3
214,12,1
266,22,2
357,12,1
483,4,3
70,33,5
380,39,4
305,28,2
342,23,3
200,20,1
228,21,5
340,42,3
354,21,5
338,41,3
220,17,4
249,8,1
458,34,1
127,36,2
26,8,1
48,23,2
102,28,5
441,5,1
303,42,1
429,22,5
310,33,3
287,32,5
90,30,1
258,27,4
225,18,4
411,41,5
288,33,2
338,13,5
212,32,4
123,7,5
77,34,2
313,36,3
208,3,1
222,13,2
360,40,1
348,1,2
32,31,2
374,39,5
255,23,2
413,17,3
293,16,3
332,5,1
460,9,2
172,11,3
385,7,4
358,39,5
8,5,2
12,28,4
249,30,3
43,2,4
1,30,2
246,12,3
86,24,4
158,29,5
57,19,3
362,24,1
285,28,5
470,3,4
364,13,4
15,25,2
387,42,1
83,18,5
162,25,2
353,5,1
432,36,3
35,32,4
254,1,2
7,7,4
143,30,1
175,37,3
231,19,3
260,16,4
383,7,1
362,39,4
316,37,3
45,13,1
266,4,3
464,6,3
448,33,2
9,17,3
84,42,3
153,8,2
431,20,3
467,16,2
11,34,2
106,19,5
271,42,3
152,8,2
112,37,5
152,17,2
495,35,4
332,5,2
28,23,1
466,40,1
497,20,1
361,8,1
51,33,4
322,31,4
41,41,5
320,4,2
341,24,2
153,28,4
175,25,2
161,37,1
473,29,4
480,29,4
429,15,3
285,12,1
353,30,4
94,11,1
66,42,2
444,28,3
11,15,5
427,22,4
102,30,4
192,17,5
209,6,1
398,31,2
397,2,5
446,3,4
345,20,2
412,23,2
35,16,5
361,3,3
83,41,4
69,30,2
48,40,1
102,28,3
413,18,2
63,1,1
351,5,2
388,40,3
176,32,5
467,38,4
260,24,2
301,13,1
437,37,2
218,14,3
105,41,1
206,38,4
161,12,2
362,27,4
448,15,1
362,21,5
68,29,3
226,12,1
468,29,4
357,34,4
439,33,1
102,34,4
137,5,5
192,29,2
392,6,4
145,19,3
378,18,2
315,9,1
38,36,1
78,18,4
363,11,1
491,4,3
452,28,2
354,17,3
125,9,1
158,34,4
180,30,3
394,14,3
185,3,4
425,15,2
236,36,3
51,3,2
180,22,2
132,32,3
217,3,2
297,36,3
14,22,1
198,9,4
414,25,5
47,30,4
25,17,4
301,36,5
297,22,2
45,5,2
320,7,2
11,11,2
132,35,2
6,22,3
212,15,5
314,4,3
94,26,2
275,40,1
366,35,3
11,10,4
14,20,3
26,14,2
255,38,4
250,3,2
358,35,2
477,20,1
76,38,5
470,15,3
262,16,2
52,31,5
326,20,3
489,14,4
405,6,2
280,42,3
19,4,5
15,32,5
435,18,1
155,29,3
227,20,2
54,17,3
294,35,1
142,11,4
486,39,4
54,34,4
174,1,5
176,7,5
387,41,2
72,11,1
256,31,4
288,23,2
440,8,4
135,9,4
115,15,1
264,5,2
479,42,2
1,32,1
218,1,3
334,41,2
212,33,2
361,6,2
480,12,3
336,30,2
194,23,5
343,20,1
12,14,1
480,11,4
96,8,2
477,9,1
124,28,2
452,1,2
252,8,4
150,30,3
132,11,1
71,12,5
270,19,4
218,14,4
82,11,5
248,1,1
346,25,5
27,42,5
448,25,5
89,8,1
455,37,4
161,32,5
263,21,4
447,31,1
26,23,1
336,37,3
245,26,1
227,20,5
123,17,4
78,10,4
130,1,1
15,14,5
463,42,2
344,14,5
397,33,5
73,17,5
21,3,5
80,17,5
85,9,4
50,7,5
40,5,5
400,2,2
190,12,2
46,37,2
130,34,4
4,36,5
429,11,2
109,11,4
222,16,2
475,32,5
327,5,1
188,2,4
279,2,3
210,13,5
180,6,3
481,28,5
385,29,4
159,16,5
451,13,1
41,29,2
322,34,4
459,30,2
444,39,4
79,2,4
117,31,4
361,9,5
346,2,5
265,7,1
105,21,4
276,26,3
400,16,3
240,10,5
81,10,1
321,24,4
321,28,1
14,30,3
59,32,1
360,22,5
65,41,5
96,12,4
98,41,3
231,13,3
210,39,4
472,21,1
151,16,1
168,9,3
464,1,4
64,31,1
306,33,5
488,19,2
84,25,3
407,28,1
228,10,3
149,42,3
364,39,3
281,40,1
151,28,1
234,27,1
107,5,5
189,3,4
2,39,3
262,39,1
438,18,3
302,15,1
424,14,1
446,11,2
283,21,5
318,37,1
384,21,2
359,12,4
160,36,4
321,24,4
185,28,4
145,12,5
384,14,5
451,38,1
465,22,4
429,19,5
11,41,3
105,33,4
188,41,2
56,34,5
479,30,5
374,9,2
264,2,2
112,18,2
138,14,4
360,3,4
34,17,1
432,29,2
373,14,2
157,12,4
240,30,5
487,1,1
253,17,2
80,16,2
71,11,5
40,33,1
55,13,1
167,37,5
370,1,5
83,7,4
272,40,2
271,9,3
419,40,3
127,17,2
450,5,2
103,5,1
309,25,4
495,40,1
336,30,1
35,37,3
228,32,4
63,10,3
485,11,2
163,13,4
272,32,1
382,10,2
163,26,1
219,19,3
217,21,3
178,27,2
392,33,1
427,26,5
301,6,2
214,18,1
283,12,1
71,4,4
427,34,5
247,25,2
39,7,3
474,1,2
105,7,1
138,9,3
434,31,1
270,8,3
461,17,1
35,9,3
28,12,1
350,25,5
112,18,4
492,12,4
417,34,1
477,36,3
142,23,5
227,13,3
183,39,1
477,42,5
45,20,2
461,14,4
11,18,3
200,20,2
214,18,5
437,41,3
38,32,4
479,6,5
287,8,4
191,34,4
477,38,5
441,20,2
463,14,1
1,19,1
313,30,3
442,15,1
448,41,2
477,16,2
273,40,4
250,35,4
55,19,1
245,34,3
260,6,3
54,42,5
79,38,1
416,17,1
198,28,5
233,19,2
26,23,5
405,1,3
477,16,5
245,27,1
31,17,4
333,11,4
426,10,2
246,8,5
452,5,3
175,14,1
62,28,3
271,38,4
307,8,2
43,23,5
461,2,5
450,34,3
243,33,1
278,14,2
428,29,2
47,6,4
254,21,2
227,2,5
13,20,4
310,2,3
10,31,5
112,41,2
172,33,3
399,5,3
298,35,2
246,20,2
191,21,5
389,12,1
95,35,3
351,3,5
82,17,4
116,10,2
175,37,3
123,18,5
150,20,2
366,12,1
248,1,2
221,24,1
105,27,5
127,35,4
253,12,4
415,33,3
404,3,5
375,1,5
500,21,4
188,18,4
202,9,3
365,18,2
388,3,2
328,1,2
495,2,4
472,15,3
328,33,3
76,36,5
454,14,1
130,1,2
317,29,2
414,27,2
278,36,2
261,28,2
40,34,2
266,20,5
231,32,3
474,31,3
374,29,5
343,10,1
12,12,4
242,11,5
204,1,4
86,20,3
178,34,1
178,24,4
350,12,3
346,5,1
294,1,1
496,31,4
16,1,5
66,27,5
403,19,4
473,31,5
246,21,5
215,28,2
3,33,2
11,6,5
221,37,3
359,35,3
71,5,1
415,25,5
275,41,1
374,14,2
372,28,2
239,22,4
246,42,5
449,10,5
203,11,1
475,40,5
134,36,3
374,20,5
342,22,2
51,2,1
483,13,2
462,28,4
455,13,4
486,40,3
459,36,3
337,8,5
13,38,5
77,14,1
371,6,1
196,20,1
269,2,4
353,34,3
132,25,4
13,1,2
393,37,4
400,24,4
400,12,3
195,40,4
105,15,2
319,18,1
490,39,3
228,8,4
45,31,5
478,10,2
450,11,3
126,42,3
428,4,1
257,36,5
223,29,4
51,31,3
231,2,5
262,1,5
269,9,4
203,28,5
73,34,3
322,4,5
437,22,4
179,12,4
416,14,2
490,25,1
1,38,1
306,34,3
248,8,4
92,16,5
122,11,3
403,21,1
423,4,3
222,27,5
337,26,4
258,10,2
359,39,1
150,2,5
168,35,2
448,17,4
247,39,5
267,6,3
487,29,1
412,21,2
279,24,2
29,35,4
83,5,3
270,4,1
293,17,2
433,26,1
299,1,2
402,35,5
466,27,5
359,29,3
245,18,1
487,20,1
227,40,5
215,13,1
387,21,5
137,17,4
468,35,4
234,5,5
491,29,1
455,9,2
286,14,2
277,20,2
205,28,5
118,35,4
482,16,2
282,2,1
126,24,4
461,7,4
75,20,3
272,37,1
160,14,5
253,15,3
196,34,3
51,32,3
69,3,4
147,6,3
128,13,1
82,23,3
324,5,3
238,4,1
296,31,2
113,1,4
347,11,3
367,19,3
221,16,3
17,25,2
473,36,5
107,30,2
129,3,1
371,3,3
392,33,1
433,13,2
189,16,3
88,22,4
155,1,1
269,31,4
133,31,5
70,1,4
378,21,1
184,28,5
214,7,1
375,11,3
286,6,1
285,42,5
451,37,2
200,30,3
230,4,1
463,9,4
472,33,1
265,41,3
85,17,3
5,16,5
263,7,5
106,12,2
359,15,1
386,36,2
331,1,2
57,20,1
181,38,4
204,22,1
21,17,3
285,24,4
181,26,5
93,34,1
475,25,3
183,37,3
282,24,3
444,33,4
250,5,5
460,21,3
443,42,2
41,35,4
75,8,1
368,39,5
458,2,2
453,28,5
453,35,1
500,22,1
236,21,3
345,18,3
88,10,1
89,24,2
169,11,3
145,39,3
322,21,2
57,24,1
218,22,1
30,9,5
76,42,1
331,33,5
87,30,1
420,37,1
77,22,4
230,15,5
316,3,1
42,22,4
295,17,1
4,15,4
294,27,4
303,15,1
37,34,1
27,18,4
453,20,1
26,10,4
437,19,5
201,24,1
194,32,1
159,8,4
204,6,4
262,15,4
36,7,4
495,1,1
31,23,4
73,32,4
324,6,5
459,12,4
257,3,1
50,41,1
403,29,2
355,11,2
308,42,4
176,37,3
124,27,4
202,33,5
70,16,2
255,42,1
150,15,2
82,13,5
199,39,5
314,5,1
61,27,1
103,36,3
281,42,5
137,23,4
142,36,2
5,15,1
386,28,2
337,2,5
360,40,1
73,26,1
361,11,5
161,1,1
120,37,5
111,4,5
288,23,4
208,38,3
72,36,3
78,34,1
186,29,2
340,31,3
206,29,4
457,8,4
172,3,2
224,35,2
398,30,3
110,15,3
328,24,4
480,41,2
144,41,1
344,38,3
476,14,2
186,6,1
358,26,5
241,31,4
476,14,5
332,20,4
499,31,5
329,35,5
93,34,1
428,39,4
234,27,4
85,32,3
398,41,4
170,28,2
21,12,4
152,13,3
283,34,2
395,30,5
443,26,1
100,13,2
92,13,2
497,27,5
421,3,2
228,3,3
23,30,1
482,32,2
255,5,3
190,38,3
3,11,5
59,4,5
321,38,5
207,17,3
227,31,3
168,23,5
201,12,5
105,38,4
32,40,2
2,20,4
264,32,5
156,19,3
346,8,4
380,29,5
168,10,2
57,20,1
48,16,2
1,33,5
340,22,1
91,16,3
305,29,1
197,30,1
429,15,5
340,29,1
163,13,3
24,13,4
148,18,4
210,11,1
114,30,1
290,2,1
120,4,4
49,22,3
353,42,4
8,24,2
20,34,4
456,16,1
420,10,2
385,42,4
260,3,2
488,40,3
364,2,3
275,39,4
363,6,2
289,1,3
275,7,1
71,25,2
223,36,4
233,27,3
147,19,3
92,24,5
128,12,2
48,1,1
196,9,4
482,26,1
283,2,5
277,22,1
423,28,2
467,15,2
238,27,4
66,7,5
199,17,5
381,3,1
469,8,4
361,4,2
303,26,5
494,15,5
194,36,4
468,4,2
439,37,4
136,31,2
448,15,2
231,26,1
407,30,5
263,14,5
190,39,3
112,23,4
118,37,3
91,5,3
394,13,2
230,25,3
482,17,3
200,36,5
56,32,5
240,6,3
130,19,1
77,27,1
430,8,3
180,3,2
452,36,3
18,34,1
127,28,1
58,35,5
121,41,5
112,15,1
495,18,4
307,24,2
229,37,4
286,20,1
337,29,2
452,22,5
276,14,2
410,35,3
188,29,3
71,1,5
458,13,2
384,17,4
27,4,2
455,25,2
254,22,1
104,37,5
371,19,2
109,21,2
214,29,3
412,16,5
372,31,4
148,22,4
284,34,5
93,20,2
261,10,5
25,31,3
88,16,5
71,3,2
388,28,3
467,18,1
444,28,1
450,15,1
35,1,2
131,35,3
278,17,3
5,34,1
79,39,4
341,25,5
441,40,3
293,6,4
205,8,4
95,26,5
329,25,4
160,10,4
158,27,1
81,42,3
75,21,3
487,3,2
333,26,3
134,41,3
433,10,2
170,25,4
38,32,1
490,22,2
48,31,5
146,6,4
249,16,2
418,2,4
168,37,3
334,4,2
10,3,3
174,30,5
487,41,2
133,18,5
292,27,2
272,33,5
9,16,4
99,20,3
48,42,2
244,24,4
416,2,1
163,26,2
366,7,3
401,6,4
232,29,5
395,19,4
50,8,4
125,31,4
307,15,3
463,7,1
148,23,1
498,27,4
488,24,1
128,40,5
301,11,4
466,33,3
73,24,5
52,21,3
106,6,1
387,36,1
223,10,4
193,22,2
156,6,3
16,35,2
117,34,3
184,22,1
449,14,2
366,25,4
194,14,3
495,42,3
26,17,2
359,21,2
174,33,5
67,11,1
214,22,4
494,33,3
278,7,1
171,10,1
120,24,5
494,38,4
298,15,1
166,30,2
116,30,4
37,11,1
95,1,5
71,16,4
420,5,4
472,18,4
488,33,2
38,24,5
500,29,1
123,8,3
94,42,3
463,14,4
135,35,5
54,40,3
496,35,4
379,23,5
417,42,4
134,5,5
36,17,4
416,26,5
60,30,5
424,15,5
48,11,1
77,12,4
461,34,4
383,23,2
69,24,1
172,38,2
362,9,2
452,42,4
467,35,3
381,23,2
120,14,5
320,13,1
11,41,2
481,14,1
189,6,2
442,3,1
225,20,1
234,32,3
192,9,1
497,23,3
132,41,1
146,13,1
232,38,2
289,42,3
488,36,4
459,40,4
63,42,2
20,30,1
456,42,4
51,16,1
342,17,3
391,6,1
349,15,2
205,9,3
11,40,5
268,16,5
17,13,3
112,17,5
471,3,3
70,19,5
323,17,5
194,5,3
294,8,4
84,6,1
104,14,5
180,13,5
62,34,3
345,23,2
3,17,4
278,24,5
167,20,2
193,28,3
435,14,3
290,39,3
404,1,2
83,32,5
247,30,3
378,36,5
311,2,2
248,13,2
61,38,1
9,31,2
82,22,3
443,30,4
372,38,3
80,8,1
156,2,2
194,29,3
6,2,2
196,35,4
475,1,2
97,15,4
339,40,1
438,28,1
93,27,2
104,40,5
98,28,1
254,31,1
359,7,3
374,7,2
306,13,2
138,16,4
334,41,3
330,29,5
172,5,3
398,31,3
238,29,2
371,2,5
76,25,3
130,40,1
37,33,2
167,35,4
446,36,3
498,9,2
306,34,4
250,20,1
153,37,5
243,26,5
453,25,5
242,35,3
13,32,4
460,4,1
106,40,5
240,30,5
11,25,2
460,15,3
8,40,2
168,29,2
49,21,2
195,11,2
76,16,1
233,34,2
407,11,1
394,2,2
476,1,1
156,35,4
257,15,5
115,6,4
291,21,2
29,16,5
175,23,1
263,35,2
103,7,4
216,37,3
298,8,5
33,31,2
157,7,2
351,14,1
262,40,1
232,7,4
199,19,4
164,37,4
14,24,1
115,21,4
304,34,1
67,40,1
5,17,2
451,16,4
147,24,2
500,38,1
261,9,2
394,20,2
163,40,4
276,41,1
46,6,4
70,15,1
403,24,4
125,29,2
354,35,1
482,31,5
82,1,3
78,26,2
58,24,4
156,3,1
17,23,2
290,37,5
492,30,5
159,3,2
403,13,5
340,3,1
301,21,1
438,8,5
339,1,3
342,2,1
320,42,3
115,36,2
321,37,2
284,16,4
197,5,2
94,34,2
491,42,1
116,25,5
332,39,3
153,13,2
220,12,3
5,11,3
67,33,4
58,26,2
243,8,1
125,39,2
449,15,5
57,41,2
136,14,5
270,39,4
486,20,5
185,14,5
423,21,5
59,42,5
194,2,2
404,11,2
400,31,4
442,38,3
437,30,3
136,8,4
376,1,2
413,3,1
371,7,4
262,38,2
21,41,1
341,42,5
198,13,5
441,9,4
208,9,4
271,13,1
95,15,1
500,39,1
463,9,2
164,41,5
388,41,2
406,12,5
480,15,3
401,34,1
418,32,2
314,37,5
227,16,1
121,38,5
442,15,2
356,22,2
471,11,2
104,10,5
68,21,4
493,5,3
129,26,1
410,37,1
239,37,3
427,42,3
421,1,3
390,40,2
264,22,4
160,39,2
458,21,4
13,6,1
128,14,1
284,33,1
108,36,2
324,8,1
53,16,4
77,32,2
65,15,3
63,31,1
272,8,3
278,14,2
366,26,4
116,34,5
398,40,2
80,3,2
370,19,3
155,2,3
335,42,5
73,20,4
65,10,1
306,9,1
359,9,2
300,18,1
3,29,2
406,41,5
347,8,5
168,15,3
211,13,5
197,22,2
146,22,5
53,17,3
420,29,4
369,42,4
257,16,1
273,6,5
378,7,4
372,8,3
124,31,4
203,4,1
305,12,1
75,24,2
174,37,1
399,16,3
354,38,5
476,10,5
217,2,2
354,3,5
370,6,2
291,32,5
46,28,5
351,29,4
163,11,3
319,40,1
355,11,5
192,23,3
360,23,2
178,4,5
290,31,2
101,37,4
220,4,4
89,41,2
337,3,2
306,28,1
298,6,3
374,29,5
106,38,2
174,33,1
39,19,1
166,4,3
245,35,2
470,29,1
117,42,5
312,3,4
306,34,2
46,34,5
262,41,3
142,39,1
278,19,1
4,5,3
262,42,4
266,20,1
432,25,3
113,27,4
179,2,4
487,40,1
308,39,5
150,9,5
167,21,2
402,19,3
150,23,2
293,31,5
262,30,1
476,4,3
390,24,5
346,13,4
261,18,5
481,16,2
433,41,5
269,2,4
192,22,1
239,22,1
5,13,1
222,41,5
193,23,1
132,4,1
89,7,2
10,12,1
310,26,4
8,38,1
128,10,1
378,16,2
46,3,5
62,40,5
474,41,1
202,3,2
465,21,1
357,35,2
7,36,3
281,40,4
70,20,4
43,16,3
362,30,2
268,13,3
449,22,5
385,41,1
61,39,3
493,32,1
291,26,2
366,2,1
255,3,5
299,41,2
162,33,2
416,16,4
409,35,2
298,30,2
349,28,2
115,17,1
294,17,4
473,31,3
338,11,4
464,30,4
107,35,4
102,8,1
370,40,5
15,1,3
417,3,2
166,7,1
328,2,3
490,14,3
259,19,5
128,6,1
68,12,2
422,11,2
341,22,4
405,33,1
323,9,5
3,26,5
382,11,3
175,20,5
13,10,4
115,10,2
189,40,2
30,8,3
311,15,2
335,13,2
377,22,3
173,28,5
402,16,4
448,39,4
461,22,1
278,6,2
353,2,5
79,28,2
174,25,2
119,20,5
324,30,2
16,15,1
119,20,2
414,31,2
286,4,5
318,22,5
154,32,4
399,11,5
1,15,4
167,37,3
39,22,2
412,30,5
187,6,1
34,6,3
497,38,5
172,22,1
107,10,2
21,8,2
310,22,2
500,2,3
375,3,4
294,3,2
101,29,3
416,20,4
124,35,3
86,32,5
165,24,3
257,20,3
260,18,2
466,9,2
113,12,1
184,40,3
112,14,5
216,16,2
116,34,2
429,22,1
102,22,3
453,37,5
324,15,4
305,12,4
301,40,1
322,12,2
286,28,2
135,23,4
215,25,2
455,20,1
448,22,1
72,28,5
378,33,4
330,23,4
212,16,2
355,22,5
408,3,1
364,22,5
188,35,2
219,40,5
187,9,1
1,24,1
401,38,1
151,41,5
416,38,4
420,30,2
307,36,2
437,2,5
42,41,3
487,16,5
219,20,5
319,36,4
43,29,3
354,42,3
441,2,1
147,39,5
106,19,4
13,38,4
332,36,5
459,33,5
439,5,3
478,24,3
221,12,4
500,18,3
371,26,1
187,24,1
381,42,4
270,12,5
326,39,1
76,9,1
458,13,4
409,15,1
370,42,1
344,17,3
323,30,3
277,29,4
226,14,3
78,14,4
211,33,1
239,19,4
6,14,4
387,27,1
480,23,1
13,32,2
100,30,1
425,11,1
12,38,4
93,9,1
126,41,5
405,26,2
357,8,2
465,10,2
246,27,3
61,6,5
42,27,5
441,4,1
143,9,3
498,3,5
300,20,4
67,5,1
477,39,5
119,19,1
476,23,2
25,34,2
276,39,2
17,35,5
482,19,4
141,41,5
235,23,1
93,40,1
264,22,3
309,15,5
400,17,2
104,29,2
354,4,4
495,25,3
57,33,1
40,28,1
120,19,5
440,17,4
302,17,3
204,14,3
37,22,1
222,13,2
317,36,5
277,19,3
327,29,4
32,19,3
138,36,3
242,33,5
258,12,4
484,17,3
308,2,2
397,11,5
4,15,3
210,22,5
455,20,4
409,16,2
25,19,3
418,32,5
290,36,1
402,1,2
192,5,2
143,14,3
367,40,3
185,41,1
309,11,1
399,6,4
396,15,2
272,3,3
112,20,3
407,20,1
156,35,1
100,41,1
135,1,2
292,31,1
354,38,5
203,36,5
403,20,1
41,2,4
479,11,3
351,14,2
252,38,5
497,33,4
442,7,5
293,26,3
415,4,5
9,13,2
108,4,2
23,3,5
185,2,5
198,4,2
425,22,5
184,1,5
430,41,2
258,20,1
219,22,1
464,35,2
134,40,2
480,22,1
358,2,4
121,1,5
5,24,1
374,10,5
239,15,4
128,6,5
132,37,1
441,27,3
